{
  "auto_tester.py": 1776734487.4992611,
  "live_trader.py": 1776795985.2466185,
  "numba.py": 1776798849.676627,
  "python_strategy_v21.py": 1776368646.6554148,
  "python_strategy_v22.py": 1776719931.5763187,
  "python_strategy_v23.py": 1776720096.7437637,
  "python_strategy_v24.py": 1776732451.1378272,
  "rl_env.py": 1776795265.4297845,
  "strategy_evolver.py": 1776797804.7204573,
  "train_rl.py": 1776799210.4473987,
  "graphify-out\\_ast_extract.py": 1776710235.0440125,
  "graphify-out\\_build_graph.py": 1776711465.612287,
  "graphify-out\\_cache_check.py": 1776710263.0060096,
  "graphify-out\\_cache_merge.py": 1776711393.1395562,
  "graphify-out\\_collect_chunks.py": 1776711379.1787043,
  "graphify-out\\_finalize.py": 1776711518.3705258,
  "graphify-out\\_label_report.py": 1776711499.7538085,
  "graphify-out\\_merge_final.py": 1776711401.3234813,
  "graphify-out\\_save_manifest.py": 1776711561.2822485,
  "graphify-out\\_test_backtest.py": 1776734548.2350152,
  "graphify-out\\_test_env_v4.py": 1776795374.0058625,
  "CLAUDE.md": 1776260848.2570283,
  "dashboard.html": 1776112098.434585,
  "help.txt": 1776261136.8422694,
  "PAPER_TRADING_SETUP.md": 1776112098.4523382,
  "graphify-out\\graph.html": 1776803670.2838547,
  "graphify-out\\GRAPH_REPORT.md": 1776803661.6233017
}